{
  "posts": [
    {
      "title": "Aprenda Java em 1002 Noites",
      "author": "Gregory Salis",
      "id": 1
    },
    {
      "id": 2,
      "title": "HTTP-Avançado",
      "author": "João Silva"
    },
    {
      "title": "Aprenda Java em 1001 Noites",
      "author": "Gregory Salis",
      "id": 3
    },
    {
      "title": "Aprenda Java em 1001 Noites",
      "author": "Gregory Salis",
      "id": 4
    },
    {
      "title": "Aprenda Java em 1001 Noites",
      "author": "Gregory Salis",
      "id": 5
    }
  ],
  "profile": {
    "name": "typicode"
  }
}