{
  "clients": [
    {
      "firstName": "Outro",
      "lastName": "Fulano",
      "cpf": "99999999999",
      "phone": "999999999",
      "address": "Lorem Ipsum Dolor Sit Amet",
      "cep": "3333333333",
      "active": true,
      "id": 2
    },
    {
      "firstName": "Outro",
      "lastName": "Fulano",
      "cpf": "99999999999",
      "phone": "999999999",
      "address": "Lorem Ipsum Dolor Sit Amet",
      "cep": "3333333333",
      "active": true,
      "id": 3
    },
    {
      "firstName": "Fulano",
      "lastName": "Outro",
      "cpf": "99999999999",
      "phone": "999999999",
      "address": "Lorem Ipsum Dolor Sit Amet",
      "cep": "3333333333",
      "active": true,
      "id": 4
    },
    {
      "firstName": "Fulano",
      "lastName": "Outro",
      "cpf": "99999999999",
      "phone": "999999999",
      "address": "Lorem Ipsum Dolor Sit Amet",
      "cep": "3333333333",
      "active": true,
      "id": 5
    },
    {
      "firstName": "Fulano",
      "lastName": "Outro",
      "cpf": "99999999999",
      "phone": "999999999",
      "address": "Lorem Ipsum Dolor Sit Amet",
      "cep": "3333333333",
      "active": true,
      "id": 6
    }
  ],
  "profile": {
    "name": "typicode"
  }
}